plant_id,plant_name,category,Type,light_requirement,water_frequency,temp_min,temp_max,maintenance_level,growth_rate,price,stock_quantity,expert_score,water_score,maintenance_score,temp_range,sustainability_score,image_url
1.0,Ficus pumilo (bag),outdoor,creeper,medium,Weekly,60,85,medium,medium,100,100,10.0,1.0,2.0,25,5.906976744186046,https://swat-garden-center.onrender.com/uploads/images.webp
2.0,"Golden Shower plant 12""",outdoor,creeper,medium,Weekly,60,85,medium,medium,1200,5,10.0,1.0,2.0,25,5.906976744186046,https://swat-garden-center.onrender.com/uploads/images (1).webp
3.0,Virginia creeper,outdoor,creeper,medium,3days,5,45,medum,medium,500,5,10.0,3.0,1.0,40,8.651162790697676,
4.0,Orange flower creeper,outdoor,creeper,medium,3days,5,45,medum,medium,1200,5,10.0,3.0,1.0,40,8.651162790697676,
5.0,Rose/gulab (bag),outdoor,creeper,high,3days,2,45,medum,medium,150,100,9.0,3.0,1.0,43,9.0,
6.0,Rose/gulab 12 inch pot,outdoor,creeper,high,3days,2,45,medum,medium,800,100,9.0,3.0,1.0,43,9.0,
7.0,Lantana creeper,outdoor,creeper,high,3days,2,45,medum,medium,150,100,9.0,3.0,1.0,43,9.0,
8.0,Ficus pumilo pot creeper,outdoor,creeper,medium,3days,2,45,medum,medium,250,100,9.0,3.0,1.0,43,9.0,
9.0,Jasmine grandiflora creeper,outdoor,creeper,high,3days,2,45,medum,medium,150,100,9.0,3.0,1.0,43,9.0,
10.0,Yucca large,outdoor & indoor,desert plant,medium,7days,8,50,low,low,2500,20,10.0,7.0,3.0,42,14.883720930232558,
11.0,Yucca small (6inch),outdoor & indoor,desert plant,medium,7days,8,50,low,low,300,20,10.0,7.0,3.0,42,14.883720930232558,
12.0,Amaryllis lily flower large,outdoor,flowers,medium,3days,2,40,low,medium,300,30,9.0,3.0,3.0,38,10.418604651162791,
13.0,Amaryllis lily flower small,outdoor,flowers,medium,3days,2,40,low,medium,200,30,9.0,3.0,3.0,38,10.418604651162791,
14.0,Diathus/carnation flower,outdoor,flowers,high,2days,8,45,medum,medium,50,100,10.0,2.0,1.0,37,7.3023255813953485,
15.0,Celocia mix color,outdoor,flowers,high,2days,8,45,medum,medium,100,100,10.0,2.0,1.0,37,7.3023255813953485,
16.0,Pansy,outdoor,flowers,high,2days,8,45,medum,medium,50,100,10.0,2.0,1.0,37,7.3023255813953485,
17.0,Petunia,outdoor,flowers,high,2days,8,45,medum,medium,50,100,10.0,2.0,1.0,37,7.3023255813953485,
18.0,Ranancolus,outdoor,flowers,high,2days,8,45,medum,medium,250,100,10.0,2.0,1.0,37,7.3023255813953485,
19.0,Gazania,outdoor,flowers,high,2days,8,45,medum,medium,60,100,10.0,2.0,1.0,37,7.3023255813953485,
20.0,vinca,outdoor,flowers,high,2days,8,45,medum,medium,80,100,10.0,2.0,1.0,37,7.3023255813953485,
21.0,Rubinia/keekar (3-5 feet),outdoor,forest,high,7days,5,45,low,medium,30,100,10.0,7.0,3.0,40,14.651162790697676,
23.0,Draik/Shandai (3-5 feet),outdoor,forest,high,7days,5,40,low,medium,30,100,10.0,7.0,3.0,35,14.069767441860465,
24.0,Chinar (3-5 feet),outdoor,forest,high,7days,5,40,low,medium,150,100,10.0,7.0,3.0,35,14.069767441860465,
25.0,Chinar (5-8 feet),outdoor,forest,high,7days,5,40,low,medium,500,40,10.0,7.0,3.0,35,14.069767441860465,
26.0,Oak/Drawa (1-1.5 feet),outdoor,forest,high,7days,2,40,low,medium,60,100,10.0,7.0,3.0,38,14.418604651162791,
27.0,Oak/Drawa (2-4 feet),outdoor,forest,high,7days,2,40,low,medium,190,100,10.0,7.0,3.0,38,14.418604651162791,
28.0,Ailanthus (3-5feet),outdoor,forest,high,7days,5,45,low,medium,40,100,10.0,7.0,3.0,40,14.651162790697676,
29.0,Sufaida delta (small and large),outdoor,forest,high,7days,5,45,low,medium,40,500,10.0,7.0,3.0,40,14.651162790697676,
30.0,Sufaida normal  (small and large),outdoor,forest,high,7days,5,45,low,medium,40,500,10.0,7.0,3.0,40,14.651162790697676,
31.0,Lychee,outdoor,fruit,high,3days,5,45,medum,medium,2000,5,10.0,3.0,1.0,40,8.651162790697676,
32.0,Zaitoon/Olive (bag) small,outdoor,fruit,high,3days,2,45,low,medium,300,10,10.0,3.0,3.0,43,11.0,
33.0,Zaitoon/Olive (bag) large,outdoor,fruit,high,7days,2,45,low,medium,700,10,10.0,7.0,3.0,43,15.0,
34.0,"Plum/Alocha (early beauty,fazli manani)",outdoor,fruit,high,7days,2,40,low,medium,180,100,10.0,7.0,3.0,38,14.418604651162791,
35.0,Pear/Nashpati ,outdoor,fruit,high,7days,2,40,medum,medium,180,100,10.0,7.0,1.0,38,12.418604651162791,
36.0,"Peach/aro (earlygrand, floridaking, 8 No.)",outdoor,fruit,high,7days,2,40,high,medium,190,100,10.0,7.0,1.0,38,12.418604651162791,
37.0,"Pomegranate/Anar (Qandahari, turnab gulabi)",outdoor,fruit,high,7days,2,45,medum,medium,180,100,10.0,7.0,1.0,43,13.0,
38.0,"Fig/enjeer (Black, White, sheikh zayedi)",outdoor,fruit,high,7days,2,40,low,medium,250,100,10.0,7.0,3.0,38,14.418604651162791,
39.0,"Guava/amrud (white, red, round, thai)",outdoor,fruit,high,7days,2,40,low,medium,200,100,10.0,7.0,3.0,38,14.418604651162791,
40.0,"Khubani/apricot (Badami, yellow)",outdoor,fruit,high,7days,2,40,medum,medium,260,100,10.0,7.0,1.0,38,12.418604651162791,
41.0,Malta/red blood oranges (Palai),outdoor,fruit,high,7days,8,45,low,medium,250,100,10.0,7.0,3.0,37,14.302325581395348,
42.0,Lemon (danedar),outdoor,fruit,high,7days,8,45,low,medium,700,100,10.0,7.0,3.0,37,14.302325581395348,
43.0,"Lemon (China/kaghazi, seedless, lisban)",outdoor,fruit,high,7days,8,45,low,medium,280,100,10.0,7.0,3.0,37,14.302325581395348,
44.0,Lemon/norangi,outdoor,fruit,high,7days,8,45,low,medium,700,100,10.0,7.0,3.0,37,14.302325581395348,
45.0,Kamquat (small),outdoor,fruit,high,7days,8,45,low,medium,250,100,10.0,7.0,3.0,37,14.302325581395348,
46.0,Kamquat (danedar),outdoor,fruit,high,7days,8,45,low,medium,1000,100,10.0,7.0,3.0,37,14.302325581395348,
47.0,"Mango (Chonsa, shane khuda)",outdoor,fruit,high,7days,8,45,medum,medium,1500,100,10.0,7.0,1.0,37,12.302325581395348,
48.0,Banana ,outdoor,fruit,high,7days,8,45,medum,medium,350,100,10.0,7.0,1.0,37,12.302325581395348,
49.0,Lougat (Grafted),outdoor,fruit,high,7days,8,45,low,medium,350,100,10.0,7.0,3.0,37,14.302325581395348,
50.0,Lougat (Seedling),outdoor,fruit,high,7days,8,45,low,medium,200,100,10.0,7.0,3.0,37,14.302325581395348,
51.0,Walnut/akhroot (grafted),outdoor,fruit,high,7days,2,40,low,medium,350,100,10.0,7.0,3.0,38,14.418604651162791,
52.0,Walnut/akhroot (seedling),outdoor,fruit,high,7days,2,40,low,medium,150,100,10.0,7.0,3.0,38,14.418604651162791,
53.0,"Apple (Goldern, franci, ana)",outdoor,fruit,high,7days,2,40,low,medium,200,100,10.0,7.0,3.0,38,14.418604651162791,
54.0,Amlook/persimon,outdoor,fruit,high,7days,5,40,low,medium,260,100,10.0,7.0,3.0,35,14.069767441860465,
55.0,Almond/Badam,outdoor,fruit,high,7days,5,40,low,medium,350,100,10.0,7.0,3.0,35,14.069767441860465,
56.0,Pecan (grafted),outdoor,fruit,high,7days,2,40,low,medium,700,100,10.0,7.0,3.0,38,14.418604651162791,
57.0,Pecan (seedling),outdoor,fruit,high,7days,2,40,low,medium,150,100,10.0,7.0,3.0,38,14.418604651162791,
58.0,Litchi (gola),outdoor,fruit,high,7days,8,45,low,medium,700,100,10.0,7.0,3.0,37,14.302325581395348,
59.0,Kino,outdoor,fruit,high,7days,8,45,medum,medium,250,100,10.0,7.0,1.0,37,12.302325581395348,
60.0,Galgal,outdoor,fruit,high,7days,8,45,low,medium,700,100,10.0,7.0,3.0,37,14.302325581395348,
61.0,Fruiter,outdoor,fruit,high,7days,8,45,low,medium,350,100,9.0,7.0,3.0,37,14.302325581395348,
62.0,Meetha,outdoor,fruit,high,7days,8,45,low,medium,350,100,9.0,7.0,3.0,37,14.302325581395348,
63.0,Chakutra,outdoor,fruit,high,7days,8,45,low,medium,700,100,10.0,7.0,3.0,37,14.302325581395348,
64.0,"Grapes (Sundarkhani, Seedless, Blacknar, china)",outdoor,fruit,high,7days,10,45,medum,medium,200,100,10.0,7.0,1.0,35,12.069767441860465,
65.0,Papaya/papeeta,outdoor,fruit,high,7days,5,45,medum,medium,500,100,10.0,7.0,1.0,40,12.651162790697676,
66.0,Avocado (small),outdoor,fruit,high,7days,5,40,low,medium,500,100,10.0,7.0,3.0,35,14.069767441860465,
67.0,Avocado (large),outdoor,fruit,high,7days,5,40,low,medium,1200,100,10.0,7.0,3.0,35,14.069767441860465,
68.0,Dragon fruit,outdoor,fruit,high,7days,5,45,medum,medium,700,100,10.0,7.0,1.0,40,12.651162790697676,
69.0,Pista,outdoor,fruit,high,7days,5,40,medum,medium,700,100,9.0,7.0,1.0,35,12.069767441860465,
70.0,Cashew net/Kajo,outdoor,fruit,high,7days,5,45,medum,medium,700,100,10.0,7.0,1.0,40,12.651162790697676,
71.0,Blackberry,outdoor,fruit,high,7days,2,40,low,medium,500,100,10.0,7.0,3.0,38,14.418604651162791,
72.0,Elaichi,outdoor,fruit,high,7days,2,40,low,medium,3500,100,10.0,7.0,3.0,38,14.418604651162791,
73.0,Rasberry,outdoor,fruit,high,7days,2,40,low,medium,500,100,9.0,7.0,3.0,38,14.418604651162791,
74.0,Passion fruit,outdoor,fruit,high,7days,5,45,medum,medium,250,100,10.0,7.0,1.0,40,12.651162790697676,
75.0,Kewi,outdoor,fruit,high,7days,5,45,medum,medium,400,100,9.0,7.0,1.0,40,12.651162790697676,
76.0,Cheko large growbag/pot,outdoor,fruit,high,7days,8,45,medum,medium,3500,100,10.0,7.0,1.0,37,12.302325581395348,
77.0,Cheko small,outdoor,fruit,high,7days,8,45,medum,medium,700,100,10.0,7.0,1.0,37,12.302325581395348,
78.0,Cherry,outdoor,fruit,high,7days,2,45,medum,medium,350,100,10.0,7.0,1.0,43,13.0,
79.0,Ruellia (bag),outdoor,ground cover,high,1day,5,40,medum,medium,80,50,9.0,1.0,1.0,35,6.069767441860465,
80.0,Ruellia (pot),outdoor,ground cover,high,1day,5,40,medum,medium,300,50,9.0,1.0,1.0,35,6.069767441860465,
81.0,Gazania bag,outdoor,ground cover,high,1day,2,40,medum,high,40,100,10.0,1.0,1.0,38,6.4186046511627906,
82.0,Gazania pot,outdoor,ground cover,high,1day,2,40,medum,high,80,100,10.0,1.0,1.0,38,6.4186046511627906,
83.0,Cophea (vinca) ground cover like duranta,outdoor,ground cover,high,2days,8,45,medum,medium,50,100,10.0,2.0,1.0,37,7.3023255813953485,
84.0,Ribbon grass (mix design),outdoor,ground cover,high,2days,8,45,medum,medium,150,100,10.0,2.0,1.0,37,7.3023255813953485,
85.0,Asparagus,outdoor,ground cover,high,2days,8,45,medum,medium,100,100,10.0,2.0,1.0,37,7.3023255813953485,
86.0,Stevia,outdoor,ground cover,high,2days,8,45,medum,medium,150,100,10.0,2.0,1.0,37,7.3023255813953485,
87.0,Tradescantia/hanging,outdoor,ground cover,high,2days,8,45,medum,medium,100,100,10.0,2.0,1.0,37,7.3023255813953485,
88.0,"wedalia, hanging yellow flower",outdoor,ground cover,high,2days,8,45,medum,medium,100,100,10.0,2.0,1.0,37,7.3023255813953485,
89.0,Spider plant,outdoor,ground cover,high,2days,8,45,medum,medium,150,100,10.0,2.0,1.0,37,7.3023255813953485,
90.0,Rosemary (bag),outdoor,herbal,medium,3days,2,40,medum,medium,130,100,10.0,3.0,1.0,38,8.418604651162791,
91.0,Rosemary (pot),outdoor,herbal,medium,3days,2,40,medum,medium,250,100,10.0,3.0,1.0,38,8.418604651162791,
92.0,"Phoenix palm (12"" pot)",outdoor & indoor,palm,medium,3days,5,40,low,medium,450,40,10.0,3.0,3.0,35,10.069767441860465,
93.0,Phoenix palm(small pot),outdoor & indoor,palm,medium,3days,5,45,low,medium,250,40,10.0,3.0,3.0,40,10.651162790697676,
94.0,"Lady palm/Raphis 12"" pot",outdoor & indoor,palm,medium,3days,5,40,low,medium,450,40,10.0,3.0,3.0,35,10.069767441860465,
95.0,Phoenix palm large (concrete pot),outdoor & indoor,palm,medium,3days,5,45,low,medium,4500,10,10.0,3.0,3.0,40,10.651162790697676,
96.0,Washingtonia large 3-5feet CT,outdoor,palm,high,5days,5,45,low,medium,8000,10,10.0,5.0,3.0,40,12.651162790697676,
97.0,Washingtonia large 5-8 feet CT,outdoor,palm,high,5days,5,45,low,medium,14000,10,10.0,5.0,3.0,40,12.651162790697676,
98.0,Washingtonia large12 inch pot,outdoor & indoor,palm,high,5days,5,45,low,medium,300,50,10.0,5.0,3.0,40,12.651162790697676,
99.0,Foxtail palm 2-4 feet CT,outdoor,palm,medium,5days,5,45,low,medium,2500,5,8.0,5.0,3.0,40,12.651162790697676,
100.0,Foxtail palm 4-6 feet CT,outdoor,palm,medium,5days,5,45,low,medium,4500,5,8.0,5.0,3.0,40,12.651162790697676,
101.0,Phoenix palm (bag),outdoor & indoor,palm,medium,3days,5,45,low,medium,200,10,10.0,3.0,3.0,40,10.651162790697676,
102.0,Can palm 12inch,outdoor,palm,high,2days,8,45,medum,medium,350,100,10.0,2.0,1.0,37,7.3023255813953485,
103.0,Alexandra palm 18inch,outdoor,palm,high,2days,8,45,medum,medium,4500,100,10.0,2.0,1.0,37,7.3023255813953485,
104.0,Golden palm 12 inch,outdoor,palm,high,2days,8,45,medum,medium,450,100,10.0,2.0,1.0,37,7.3023255813953485,
105.0,Cat palm 12 inch,outdoor,palm,high,2days,8,45,medum,medium,500,100,10.0,2.0,1.0,37,7.3023255813953485,
106.0,Ravena palm 18 inch,outdoor,palm,high,2days,8,45,medum,medium,4500,100,10.0,2.0,1.0,37,7.3023255813953485,
107.0,Areca palm 12 inch,outdoor,palm,high,2days,8,45,medum,medium,500,100,10.0,2.0,1.0,37,7.3023255813953485,
108.0,Phonenix palm 10inch,outdoor,palm,high,2days,8,45,medum,medium,250,100,10.0,2.0,1.0,37,7.3023255813953485,
109.0,Washingtonia small,outdoor,palm,high,2days,8,45,medum,medium,200,100,10.0,2.0,1.0,37,7.3023255813953485,
110.0,Ravanela/banana palm,outdoor,palm,high,2days,8,45,medum,medium,1500,100,10.0,2.0,1.0,37,7.3023255813953485,
111.0,Cestrum diurnam-Din ka raja (bag),outdoor,shrub,high,2days,2,45,medum,medium,50,20,6.0,2.0,1.0,43,8.0,
112.0,Jasmine single creeper bag,outdoor,shrub,high,2days,5,45,low,medium,100,100,9.0,2.0,3.0,40,9.651162790697676,
113.0,Lemon grass (green tea bag),outdoor,shrub,high,2days,5,45,low,high,100,100,10.0,2.0,3.0,40,9.651162790697676,
114.0,Lemon grass (green tea pot),outdoor,shrub,high,2days,5,45,low,high,150,100,10.0,2.0,3.0,40,9.651162790697676,
115.0,Moon ficus dwarf,outdoor & indoor,shrub,medium,3days,5,45,low,low,200,50,10.0,3.0,3.0,40,10.651162790697676,
116.0,"Dracena Corn plant 12""",outdoor & indoor,shrub,medium,3days,5,35,low,low,300,50,10.0,3.0,3.0,30,9.488372093023255,
117.0,"Murraya 12"" (marwa)",outdoor,shrub,high,3days,5,45,medum,high,300,50,9.0,3.0,1.0,40,8.651162790697676,
118.0,"Eunonymus 12"" pot",outdoor & indoor,shrub,medium,5days,2,40,low,medium,300,40,10.0,5.0,3.0,38,12.418604651162791,
119.0,"Eunonymus 6""",outdoor & indoor,shrub,medium,5days,2,40,low,medium,200,40,10.0,5.0,3.0,38,12.418604651162791,
120.0,Gulab english,outdoor,shrub,medium,3days,5,45,medum,medium,300,50,10.0,3.0,1.0,40,8.651162790697676,
121.0,"Asparagus 12""",outdoor & indoor,shrub,medium,5days,2,40,low,medium,300,40,10.0,5.0,3.0,38,12.418604651162791,
122.0,Asparagus small,outdoor & indoor,shrub,medium,5days,2,40,low,medium,150,40,10.0,5.0,3.0,38,12.418604651162791,
123.0,Bougainvillea (bag),outdoor,shrub,high,3days,8,45,medum,medium,200,20,8.0,3.0,1.0,37,8.302325581395348,
124.0,Ficus nittida 12 inch pot,outdoor & indoor,shrub,medium,3days,5,45,low,medium,350,50,10.0,3.0,3.0,40,10.651162790697676,
125.0,Ficus nittida 6 inch pot,outdoor & indoor,shrub,medium,3days,5,45,low,medium,200,50,10.0,3.0,3.0,40,10.651162790697676,
126.0,Ficus nittida growbag,outdoor & indoor,shrub,medium,3days,5,45,low,medium,1500,10,10.0,3.0,3.0,40,10.651162790697676,
127.0,"Jasmine sambac (motia 12"" pot)",outdoor,shrub,medium,3days,5,45,low,medium,300,50,10.0,3.0,3.0,40,10.651162790697676,
128.0,Jasmine sambac (motia small bag),outdoor,shrub,medium,3days,5,45,low,medium,100,100,10.0,3.0,3.0,40,10.651162790697676,
129.0,Ficus dwarf small,outdoor & indoor,shrub,medium,3days,5,45,low,medium,300,30,10.0,3.0,3.0,40,10.651162790697676,
130.0,"Moon ficus 6""",outdoor & indoor,shrub,medium,3days,5,45,low,medium,250,50,10.0,3.0,3.0,40,10.651162790697676,
131.0,Melaleuca small,outdoor,shrub,high,2days,8,45,medum,medium,150,100,9.0,2.0,1.0,37,7.3023255813953485,
132.0,Melaleuca large,outdoor,shrub,high,2days,8,45,medum,medium,350,100,9.0,2.0,1.0,37,7.3023255813953485,
133.0,Ficus panda small,outdoor & indoor,shrub,medium,3days,5,45,low,medium,150,50,10.0,3.0,3.0,40,10.651162790697676,
134.0,Ficus panda 12inch pot,outdoor & indoor,shrub,medium,3days,5,45,low,medium,350,50,10.0,3.0,3.0,40,10.651162790697676,
135.0,Ficus panda 16inch pot,outdoor & indoor,shrub,medium,3days,5,45,low,medium,2000,30,10.0,3.0,3.0,40,10.651162790697676,
136.0,Osmanthus,outdoor,shrub,high,2days,2,40,low,medium,1000,20,10.0,2.0,3.0,38,9.418604651162791,
137.0,Morpank,outdoor,shrub,high,2days,8,45,medum,medium,100,100,10.0,2.0,1.0,37,7.3023255813953485,
138.0,Serva small,outdoor,shrub,high,2days,8,45,medum,medium,100,100,10.0,2.0,1.0,37,7.3023255813953485,
139.0,Serva  large,outdoor,shrub,high,2days,8,45,medum,medium,250,100,10.0,2.0,1.0,37,7.3023255813953485,
140.0,Night queen (Rat ki rani bag),outdoor,shrub,high,2days,8,45,medum,medium,130,100,10.0,2.0,1.0,37,7.3023255813953485,
141.0,Hibiscus (bag),outdoor,shrub,high,2days,8,45,medum,medium,100,100,10.0,2.0,1.0,37,7.3023255813953485,
142.0,Marwa (bag),outdoor,shrub,high,2days,8,45,medum,medium,100,100,10.0,2.0,1.0,37,7.3023255813953485,
143.0,Gardenia (khushbo wala) (bag),outdoor,shrub,high,2days,8,45,medum,medium,150,100,10.0,2.0,1.0,37,7.3023255813953485,
144.0,Juniper small pot,outdoor,shrub,high,2days,8,45,medum,medium,200,100,10.0,2.0,1.0,37,7.3023255813953485,
145.0,Tecomaria pot,outdoor,shrub,high,2days,8,45,medum,medium,400,100,10.0,2.0,1.0,37,7.3023255813953485,
146.0,Jasmine (motia) small bag,outdoor,shrub,high,2days,8,45,medum,medium,100,100,10.0,2.0,1.0,37,7.3023255813953485,
147.0,Jatropha 12inch,outdoor,shrub,high,2days,8,45,medum,medium,400,100,10.0,2.0,1.0,37,7.3023255813953485,
148.0,Jatropha small,outdoor,shrub,high,2days,8,45,medum,medium,150,100,10.0,2.0,1.0,37,7.3023255813953485,
149.0,Lagestromia red/black,outdoor,shrub,high,2days,8,45,medum,medium,450,100,10.0,2.0,1.0,37,7.3023255813953485,
150.0,Lagestromia green,outdoor,shrub,high,2days,8,45,medum,medium,350,100,10.0,2.0,1.0,37,7.3023255813953485,
151.0,Hibiscus tree,outdoor,shrub,high,2days,8,45,medum,medium,500,100,10.0,2.0,1.0,37,7.3023255813953485,
152.0,Lagestrum small,outdoor,shrub,high,2days,8,45,medum,medium,50,100,10.0,2.0,1.0,37,7.3023255813953485,
153.0,Duranta mix color large (green+yellow),outdoor,shrub,high,2days,8,45,medum,medium,60,100,10.0,2.0,1.0,37,7.3023255813953485,
154.0,Bougainvillea mix color,outdoor,shrub,high,2days,8,45,medum,medium,150,100,10.0,2.0,1.0,37,7.3023255813953485,
155.0,Duranta mix color small,outdoor,shrub,high,2days,8,45,medum,medium,30,100,10.0,2.0,1.0,37,7.3023255813953485,
156.0,Lemon grass,outdoor,shrub,high,2days,8,45,medum,medium,50,100,10.0,2.0,1.0,37,7.3023255813953485,
157.0,Rosemary,outdoor,shrub,high,2days,8,45,medum,medium,100,100,10.0,2.0,1.0,37,7.3023255813953485,
158.0,Panda step (2-3),outdoor,shrub,high,2days,8,45,medum,medium,3500,100,10.0,2.0,1.0,37,7.3023255813953485,
159.0,Aerocaria 12 inch,outdoor,shrub,high,2days,8,45,medum,medium,1200,100,10.0,2.0,1.0,37,7.3023255813953485,
160.0,Ficus hawai,outdoor,shrub,high,2days,8,45,medum,medium,250,100,10.0,2.0,1.0,37,7.3023255813953485,
161.0,Ficus pand/nitida (small),outdoor,shrub,high,2days,8,45,medum,medium,150,100,10.0,2.0,1.0,37,7.3023255813953485,
162.0,Cydonia,outdoor,shrub,high,2days,8,45,medum,medium,500,100,10.0,2.0,1.0,37,7.3023255813953485,
163.0,Xanthos (sheight zayed plant),outdoor,shrub,high,2days,8,45,medum,medium,1500,100,10.0,2.0,1.0,37,7.3023255813953485,
164.0,Hydrangia,outdoor,shrub,high,2days,8,45,medum,medium,3000,100,10.0,2.0,1.0,37,7.3023255813953485,
165.0,Esocaria small,outdoor,shrub,high,2days,8,45,medum,medium,200,100,10.0,2.0,1.0,37,7.3023255813953485,
166.0,Bird of paradize,outdoor,shrub,high,2days,8,45,medum,medium,1200,100,10.0,2.0,1.0,37,7.3023255813953485,
167.0,Rubar plant 12 inch ,outdoor,shrub,high,2days,8,45,medum,medium,500,100,10.0,2.0,1.0,37,7.3023255813953485,
168.0,Rubar plant 6 inch ,outdoor,shrub,high,2days,8,45,medum,medium,250,100,10.0,2.0,1.0,37,7.3023255813953485,
169.0,Tamrilo/tomato tree,outdoor,shrub,high,2days,8,45,medum,medium,600,100,10.0,2.0,1.0,37,7.3023255813953485,
170.0,Murraya (marwa) bag,outdoor,shrub,high,2days,8,45,medum,medium,100,150,10.0,2.0,1.0,37,7.3023255813953485,
171.0,Leucophyllum (silvery) bag,outdoor,shrub,high,2days,8,45,medum,medium,100,150,10.0,2.0,1.0,37,7.3023255813953485,
172.0,Murraya (marwa 12 inch pot),outdoor,shrub,high,2days,8,45,medum,medium,100,150,10.0,2.0,1.0,37,7.3023255813953485,
173.0,Safora,outdoor,shrub,high,2days,8,45,medum,medium,100,150,10.0,2.0,1.0,37,7.3023255813953485,
174.0,Kari pata,outdoor,shrub,high,2days,8,45,medum,medium,100,150,10.0,2.0,1.0,37,7.3023255813953485,
175.0,Piece lily 6inch pot,indoor,shrub,low,20days,8,32,low,low,3500,5,10.0,20.0,3.0,24,25.790697674418606,
176.0,Aglonema 12 inch pot,indoor,shrub,low,20days,8,32,low,low,6000,5,10.0,20.0,3.0,24,25.790697674418606,
177.0,Anthorium 6inch pot,indoor,shrub,low,20days,8,32,low,low,7000,5,10.0,20.0,3.0,24,25.790697674418606,
178.0,Phelodendrone 12 inch pot,indoor,shrub,low,20days,8,32,low,low,3500,5,10.0,20.0,3.0,24,25.790697674418606,
179.0,Bamboo ,indoor,shrub,low,20days,8,32,low,low,4500,5,10.0,20.0,3.0,24,25.790697674418606,
180.0,Deffenbachia 12inch pot,indoor,shrub,low,20days,8,32,low,low,3500,5,10.0,20.0,3.0,24,25.790697674418606,
181.0,Zamioculcus 6 inch pot,indoor,shrub,low,20days,8,32,low,low,6500,5,10.0,20.0,3.0,24,25.790697674418606,
182.0,croton small,indoor,shrub,low,20days,8,32,low,low,150,5,10.0,20.0,3.0,24,25.790697674418606,
183.0,croton large 12 inch,indoor,shrub,low,20days,8,32,low,low,400,5,10.0,20.0,3.0,24,25.790697674418606,
184.0,Aquba 12 inch,indoor,shrub,low,20days,8,32,low,low,600,5,10.0,20.0,3.0,24,25.790697674418606,
185.0,Dracena red,indoor,shrub,low,20days,8,32,low,low,400,5,10.0,20.0,3.0,24,25.790697674418606,
186.0,Dracena green,indoor,shrub,low,20days,8,32,low,low,350,5,10.0,20.0,3.0,24,25.790697674418606,
187.0,Dracena margina 12 inch,indoor,shrub,low,20days,8,32,low,low,350,5,10.0,20.0,3.0,24,25.790697674418606,
188.0,Dracena margina small,indoor,shrub,low,20days,8,32,low,low,200,5,10.0,20.0,3.0,24,25.790697674418606,
189.0,Dracena makai,indoor,shrub,low,20days,8,32,low,low,600,5,10.0,20.0,3.0,24,25.790697674418606,
190.0,Dracena (song of india),indoor,shrub,low,20days,8,32,low,low,700,5,10.0,20.0,3.0,24,25.790697674418606,
191.0,Dracena dreco,indoor,shrub,low,20days,8,32,low,low,1500,5,10.0,20.0,3.0,24,25.790697674418606,
192.0,Scheflera small,indoor,shrub,low,20days,8,32,low,low,250,5,10.0,20.0,3.0,24,25.790697674418606,
193.0,Scheflera 12 inch,indoor,shrub,low,20days,8,32,low,low,400,5,10.0,20.0,3.0,24,25.790697674418606,
194.0,Money plant 12 inch,indoor,shrub,low,20days,8,32,low,low,1200,5,10.0,20.0,3.0,24,25.790697674418606,
195.0,Ficus nittida large potted,outdoor & indoor,specimen/shaped,medium,3days,5,45,low,medium,5000,10,10.0,3.0,3.0,40,10.651162790697676,
196.0,Ficus panda large pot XL,outdoor & indoor,specimen/shaped,medium,3days,5,45,low,medium,4500,20,10.0,3.0,3.0,40,10.651162790697676,
197.0,Ficus neteda vase shape,outdoor,specimen/shaped,high,3days,8,45,medum,medium,4500,150,10.0,3.0,1.0,37,8.302325581395348,
198.0,String of pearls (tasbeeh dane),outdoor,succulents,high,2days,8,45,medum,medium,500,100,10.0,2.0,1.0,37,7.3023255813953485,
199.0,Aptenia(ice plant) hanging,outdoor,succulents,high,2days,8,45,medum,medium,350,100,10.0,2.0,1.0,37,7.3023255813953485,
200.0,lampranthus/hanging,outdoor,succulents,high,2days,8,45,medum,medium,100,100,10.0,2.0,1.0,37,7.3023255813953485,
201.0,Elephantis ,outdoor,succulents,high,2days,8,45,medum,medium,250,100,10.0,2.0,1.0,37,7.3023255813953485,
202.0,cactus grafted various types,outdoor,succulents,high,2days,8,45,medum,medium,2000,100,10.0,2.0,1.0,37,7.3023255813953485,
203.0,Pedilanthus/nagan,outdoor,succulents,high,2days,8,45,medum,medium,150,100,10.0,2.0,1.0,37,7.3023255813953485,
204.0,"Aloe vera 12""",outdoor & indoor,succulents,medium,5days,8,45,low,medium,300,50,10.0,5.0,3.0,37,12.302325581395348,
205.0,Aloe vera small,outdoor & indoor,succulents,medium,5days,8,45,low,medium,150,30,10.0,5.0,3.0,37,12.302325581395348,
206.0,Succulents,outdoor & indoor,succulents,medium,5days,8,45,low,medium,150,80,10.0,5.0,3.0,37,12.302325581395348,
207.0,Moringa tree,outdoor,tree,high,2days,8,45,medum,medium,500,100,10.0,2.0,1.0,37,7.3023255813953485,
208.0,Amaltus/cassia fistola tree 4-8 feet,outdoor,tree,high,2days,8,45,medum,medium,350,100,10.0,2.0,1.0,37,7.3023255813953485,
209.0,Karak champta,outdoor,tree,high,2days,8,45,medum,medium,500,100,10.0,2.0,1.0,37,7.3023255813953485,
210.0,Jacaranda 5-8 feet,outdoor,tree,high,2days,8,45,medum,medium,250,100,10.0,2.0,1.0,37,7.3023255813953485,
211.0,silveroak 5-8 feet,outdoor,tree,high,2days,8,45,medum,medium,250,100,10.0,2.0,1.0,37,7.3023255813953485,
212.0,Melaloka small,outdoor,tree,high,2days,8,45,medum,medium,350,100,10.0,2.0,1.0,37,7.3023255813953485,
213.0,Melaloka 12 inch,outdoor,tree,high,2days,8,45,medum,medium,600,100,10.0,2.0,1.0,37,7.3023255813953485,
214.0,Chinar tree large,outdoor,tree,high,2days,8,45,medum,medium,600,100,10.0,2.0,1.0,37,7.3023255813953485,
215.0,Chinar tree small,outdoor,tree,high,2days,8,45,medum,medium,150,150,10.0,2.0,1.0,37,7.3023255813953485,
216.0,"Magnolia 12""",outdoor,tree,high,3days,2,40,medum,medium,1000,100,10.0,3.0,1.0,38,8.418604651162791,
217.0,Sterculia,outdoor,tree,high,7days,2,40,low,medium,400,100,10.0,7.0,3.0,38,14.418604651162791,
218.0,Pelcon tree small,outdoor,tree,high,7days,2,40,low,medium,500,50,10.0,7.0,3.0,38,14.418604651162791,
219.0,Pelcon tree large (bag),outdoor,tree,high,7days,2,40,low,medium,2000,50,10.0,7.0,3.0,38,14.418604651162791,
220.0,Guli Nashtar (red flower),outdoor,tree,high,7days,2,40,low,medium,600,50,10.0,7.0,3.0,38,14.418604651162791,
221.0,Magnolia purple,outdoor,tree,high,7days,2,40,low,medium,3000,50,10.0,7.0,3.0,38,14.418604651162791,
222.0,Lagerstroemia yellow/red/pink/purple,outdoor,tree,high,7days,2,40,low,medium,500,50,10.0,7.0,3.0,38,14.418604651162791,
223.0,Rubber plant large growbag/pot,outdoor,tree,high,7days,2,40,low,medium,600,50,10.0,7.0,3.0,38,14.418604651162791,
224.0,Chir/pine/Nakhtar (0.8-2feet),outdoor,tree,high,7days,2,40,low,medium,30,100,10.0,7.0,3.0,38,14.418604651162791,
225.0,Chir/pine/Nakhtar (2-3feet),outdoor,tree,high,7days,2,40,low,medium,150,100,10.0,7.0,3.0,38,14.418604651162791,
226.0,Chir/pine/Nakhtar (5-10feet) potted/grow bag),outdoor,tree,high,7days,2,40,low,medium,3000,100,10.0,7.0,3.0,38,14.418604651162791,
227.0,Diayr (0.8-2feet),outdoor,tree,high,7days,2,40,low,medium,40,100,10.0,7.0,3.0,38,14.418604651162791,
228.0,Diayr (2-3feet),outdoor,tree,high,7days,2,40,low,medium,160,100,10.0,7.0,3.0,38,14.418604651162791,
229.0,Diayr (5-10feet) potted/grow bag),outdoor,tree,high,7days,2,40,low,medium,3500,100,10.0,7.0,3.0,38,14.418604651162791,
